[
  {
    "email": "test@test.com"
  },
  {
    "email": "asdf@aslkdfj.com",
    "password": "password",
    "id": "4cad493a"
  },
  {
    "email": "test1@test.com",
    "password": "password",
    "id": "a8a361ce"
  },
  {
    "email": "test3@test.com",
    "password": "password",
    "id": "3ced88e5"
  },
  {
    "email": "test5@test.com",
    "password": "ca43d32660d309b48ca04a03adaf4ebd6b877eab6110de20945669276bb6fc240a662205ebb0d7d2d05fa22fb329b35aaca3cb50356f3d4f355f8b89a084ab0a.2d21ade5cf256a9d",
    "id": "29aff662"
  },
  {
    "email": "test6@test.com",
    "password": "6c976960f74031c397fbf9df460cbb774d4d1ec9db68d4fc7dcc247b721542996e8e0cd82c5792305d4a3356d16ceccd6ad44ade17dbeb19efa3d6f92350d389.b8b3b0f5c49ebca7",
    "id": "2952bf5c"
  },
  {
    "email": "test10@test.com",
    "password": "4211bfcad8d3def24d04b9d88d4a08cdff7fefab77974c86e0e9394ae1ab9a6061f2dbf6d3389f3e9aa870f65e9070e88537f7f89af3d861705c89b46558a342.76e8d9f3f6b98cd7",
    "id": "7f49b927"
  },
  {
    "email": "",
    "password": "3e1480674f7e589abf3eb8114ea11eb89256dda26d7af9e7c786b2d77f945f1c5ff47b52c601b4547bd1e050f84b3735547e1dd16cd62705c717e55e9eec81eb.500208f6a9ae8466",
    "id": "e99f8d2e"
  }
]